﻿{
  "StatWeight": "Βάρος: {0}",
  "StatCakes": "Τούρτες: {0}",
  "StatTeas": "Τσάι: {0}",
  "MenuStart": "ΠΑΜΕ",
  "MenuResume": "ΠΑΜΕ",
  "MenuControls": "ΚΟΥΜΠΙΑ",
  "MenuLanguage": "ΓΛΩΣΣΑ",
  "MenuExit": "ΕΞΩ",
  "ControlsMovement": "Κούνα",
  "ControlsJumping": "Πήδα",
  "ControlsPickup": "Πάρε",
  "ControlsResetLevel": "Κύκλους",
  "ControlsMenu": "Ποζ",
  "TipWelcome": "Γεία σου κόκλα !!! Τσίμπα τα τουρτάκια !",
  "TipUseCheckpointReset": "Πατα 'R' αν κολλήσεις !",
  "TipFirstCakeConsumedNomNom": "Πο πο πο, ΚΟΛΑΣΗ !!!",
  "TipFirstCakeConsumedMaximizeWeight": "Φάε κιάλλο θα νιώσεις καλύτερα.",
  "TipReachedMaxWeightPressButtons": "Σαν να πήρες κανα κιλάκι, Μπορείς να πατήσεις κουμπιά τωρα !",
  "TipReachedMaxWeightPickupItem": "Δοκίμασε να σηκώσεις αντικείμενα με το 'E'.",
  "TipFirstTeaConsumedResetWeight": "Ουάου ! Γίναμε μοντελακι. Το τσάι σε φέρνει στα ίσα σου !",
  "TipFirstTeaConsumeFitCorridors": "Τώρα χωράς απο στενούς διαδρόμους.",
  "TipFirstTeaConsumeJumpHigh": "Και μπορείς να πηδήξεις ψηλα ξανά.",
  "TipHopedOnButtonNotEnoughWeight": "Πρέπει να τελικιάσεις το βάρος σου για να πατήσεις κουμπιά.",
  "TipHopedOnButtonEnoughWeight": "Μπράβο. Το κουμπι ενεργοποιήθηκε !",
  "TipHopedOnButtonEnoughWeightNoItem": "Το ξέρεις οτι μπορείς να ενεργοποιήσεις κουμπια με το αντικείμενα ;"
}
